card,section,arm,symbol,date,end,prior_move,adr,A,B,t08_L,split_L
0,population,shared,MKTX,2018-11-14,471,0.9573170731707317,0.029015468623887163,,,,
1,population,shared,PFE,2022-02-03,1281,0.9568965517241379,0.02656754489511822,,,,
2,population,shared,NVDA,2017-08-29,165,0.9850746268656716,0.02887068425914032,,,,
3,population,split only,SPT,2022-11-22,741,0.9592760180995475,0.09265725474024313,,,,
4,population,08 only,LCID,2021-12-31,324,0.982532751091703,0.0904392724568032,,,,
5,population,shared,PACB,2020-10-26,960,1.0,0.06803095153003791,,,,
6,population,split only,ACAD,2022-09-01,1425,0.941747572815534,0.05129348646565307,,,,
7,population,split only,AMKR,2021-02-26,1044,0.975,0.06593186617746119,,,,
8,population,split only,WMS,2021-12-27,1254,0.9110169491525424,0.03543915108023486,,,,
9,population,08 only,BRBR,2023-03-30,867,0.9513274336283186,0.025363943077664285,,,,
10,population,split only,STAA,2023-01-24,1524,0.9761904761904762,0.05886811220801005,,,,
11,population,shared,FND,2018-04-19,246,0.9554140127388535,0.04077914351992534,,,,
12,population,08 only,LXRX,2021-02-12,1035,0.9871244635193133,0.09311341194060518,,,,
13,population,split only,TSLA,2020-04-09,822,0.9895287958115183,0.10418395522494536,,,,
14,population,08 only,CELH,2023-05-16,1602,0.9954128440366973,0.04604484521927663,,,,
15,population,split only,CHPT,2021-01-14,252,0.9627906976744186,0.09545838577563154,,,,
16,population,08 only,EDIT,2018-06-13,363,0.934640522875817,0.06547653348251933,,,,
17,population,shared,PLNT,2018-04-13,321,0.9419354838709677,0.02391030287216871,,,,
18,population,split only,PEN,2023-05-19,1605,0.9541284403669725,0.026660814787593412,,,,
19,population,split only,SNAP,2020-12-22,960,0.9009433962264151,0.04709537869118381,,,,
20,population,split only,VVV,2019-08-27,666,0.9122807017543859,0.021178619054727066,,,,
21,population,shared,TXMD,2018-06-18,366,0.9490445859872612,0.0694090066952426,,,,
22,population,shared,BLNK,2020-07-27,891,0.9887640449438202,0.1822594517734935,,,,
23,population,shared,RNG,2019-11-15,723,0.9430379746835443,0.03997304940651693,,,,
24,population,shared,KBH,2017-07-21,138,0.9699248120300752,0.02492452541448602,,,,
25,population,08 only,HRMY,2022-12-09,582,0.9712918660287081,0.03784697909611105,,,,
26,population,08 only,BAH,2018-08-16,408,0.9,0.017740954694346035,,,,
27,population,08 only,CMG,2023-05-03,1593,0.9909502262443439,0.01931865775781244,,,,
28,population,shared,PTON,2020-05-22,165,0.9664804469273743,0.07074054694736555,,,,
29,population,08 only,ATKR,2022-10-10,1452,0.9238095238095239,0.040648009947959404,,,,
30,population,08 only,MRNA,2021-08-26,684,0.9907407407407407,0.09020024777078657,,,,
31,population,shared,IPM,2021-10-18,873,1.0,0.3110434321897399,,,,
32,population,shared,EDIT,2021-08-26,1170,0.9861111111111112,0.07621318837825669,,,,
33,population,split only,ATKR,2021-11-30,1236,0.9527896995708155,0.04429558411970569,,,,
34,population,08 only,OXY,2022-08-02,1404,0.9711538461538461,0.039286336023532556,,,,
35,population,shared,ATKR,2023-02-23,1545,0.990990990990991,0.03614336230798164,,,,
36,population,08 only,H,2017-11-17,222,0.92,0.018914003004489022,,,,
37,population,shared,CHPT,2020-12-17,234,0.976303317535545,0.1459730925399175,,,,
38,population,shared,STEM,2021-03-19,111,0.9558232931726908,0.1550580488393245,,,,
39,population,08 only,IGC,2018-10-11,447,1.0,0.2890871757596262,,,,
40,population,split only,AMT,2017-08-08,150,0.9253731343283582,0.015437933180647612,,,,
41,population,08 only,QLYS,2022-08-23,1419,0.9400921658986175,0.039429681105737344,,,,
42,population,split only,RRR,2020-09-09,927,0.9392265193370166,0.059588118708878014,,,,
43,population,split only,BRBR,2023-04-18,879,0.9311926605504587,0.02609972085063138,,,,
44,population,shared,NOG,2021-10-26,1212,0.9539170506912442,0.05917246636753626,,,,
45,population,08 only,PEN,2019-06-19,618,0.9743589743589743,0.030011895140699206,,,,
46,population,split only,MTDR,2020-05-11,843,1.0,0.1726800078678981,,,,
47,population,shared,RVTY,2021-08-13,1161,0.9120370370370371,0.026518066183759393,,,,
48,population,split only,FND,2017-12-26,168,0.974025974025974,0.03226537553594078,,,,
49,population,split only,HRMY,2022-07-18,480,0.9761904761904762,0.05604607068490371,,,,
50,population,split only,YEXT,2018-06-27,303,0.9814814814814815,0.040328108482848235,,,,
51,population,08 only,CRK,2021-11-16,1227,0.9652173913043478,0.05405157981750945,,,,
52,population,08 only,SNAP,2022-09-28,1404,0.9186602870813397,0.061107545145246425,,,,
53,population,shared,MELI,2018-08-08,402,0.9235668789808917,0.04345379510261136,,,,
54,population,08 only,ZS,2020-04-30,534,0.9428571428571428,0.051970846811469254,,,,
55,population,08 only,HQY,2017-10-06,192,0.9659863945578231,0.02947622276372174,,,,
56,population,08 only,TNDM,2021-08-23,1167,0.9154929577464789,0.031074912536427513,,,,
57,population,shared,TNDM,2019-04-15,573,0.9932885906040269,0.05565517687578468,,,,
58,population,split only,KBH,2020-06-23,873,0.9484536082474226,0.06372967976076435,,,,
59,population,split only,COLD,2019-02-15,270,0.9808917197452229,0.019829120372771847,,,,
60,geometry,,BHR,2021-03-16,1056,,,t08,split,3.0,14.0
61,geometry,,RENT,2023-01-03,297,,,t08,split,5.0,13.0
62,geometry,,SINT,2020-04-08,336,,,split,t08,3.0,9.0
63,geometry,,QNCX,2019-10-08,105,,,split,t08,5.0,18.0
64,geometry,,LFMD,2020-11-02,930,,,split,t08,8.0,23.0
65,geometry,,CELZ,2019-05-31,357,,,split,t08,5.0,5.0
66,geometry,,CNF,2023-06-21,1107,,,t08,split,3.0,27.0
67,geometry,,KOSS,2019-05-02,579,,,split,t08,3.0,21.0
68,geometry,,HFFG,2021-06-01,846,,,t08,split,7.0,15.0
69,geometry,,KOD,2021-04-08,630,,,t08,split,5.0,40.0
70,geometry,,HXL,2019-10-25,708,,,split,t08,3.0,37.0
71,geometry,,RDCM,2019-12-04,735,,,split,t08,3.0,24.0
72,geometry,,SCKT,2021-01-07,1005,,,t08,split,3.0,17.0
73,geometry,,WVVI,2021-10-06,1197,,,t08,split,3.0,22.0
74,geometry,,IT,2020-06-26,876,,,t08,split,3.0,15.0
