deck,card,symbol,market,date,end,adr,base_len,cluster_k,collapsed,provisional,band,tag,reason
A,0,EHC,US,2018-09-12,426,0.014420564283568249,15.0,3.0,0.0,3.0,2.0,,
A,1,KOD,US,2021-07-13,696,0.045017014898466066,8.0,3.0,0.0,2.5,2.0,,
A,2,ACLS,US,2022-02-16,1290,0.06782268241307707,31.0,3.0,0.0,3.0,2.0,,
A,3,STAA,US,2021-09-17,1185,0.04909947689673,9.0,4.0,0.0,2.5,2.0,,
A,4,COR,US,2022-12-16,1500,0.015929146427760034,11.0,3.0,0.0,3.0,2.0,,
A,5,GMED,US,2019-11-15,723,0.023364683112512406,7.0,6.0,0.0,3.0,2.0,,
A,6,LGND,US,2019-04-10,570,0.031316877877313465,4.0,3.0,0.0,2.0,1.0,,
A,7,WMG,US,2020-12-28,144,0.05542489690986674,6.0,4.0,0.0,2.0,1.0,,
A,8,DDOG,US,2021-08-19,483,0.03849380010033303,5.0,3.0,0.0,1.5,1.0,,
A,9,DBX,US,2019-05-08,282,0.03302829421969663,8.0,6.0,0.0,3.0,2.0,,
A,10,KR,US,2022-04-22,1335,0.02467965570576116,10.0,5.0,0.0,4.5,4.0,,
A,11,EBS,US,2019-09-26,687,0.050007114486162095,16.0,7.0,0.0,3.5,3.0,,
A,12,BRBR,US,2022-05-19,651,0.056482659754953465,9.0,4.0,0.0,2.5,2.0,,
A,13,EQT,US,2020-03-27,813,0.21013944117816163,10.0,3.0,0.0,3.0,2.0,,
A,14,PEN,US,2022-12-30,1509,0.0324530506628367,12.0,7.0,0.0,4.5,4.0,,
A,15,CRWD,US,2022-08-19,804,0.039173647910166566,7.0,3.0,0.0,3.0,2.0,,
A,16,CODX,US,2020-02-21,657,0.22190865500236628,9.0,7.0,0.0,4.5,4.0,,
A,17,CRIS,US,2021-04-28,1086,0.07861661344699238,27.0,5.0,0.0,3.5,3.0,,
A,18,CSL,US,2018-09-17,429,0.01216520306314448,14.0,6.0,0.0,3.5,3.0,,
A,19,PGEN,US,2018-10-08,444,0.0628078358964123,11.0,5.0,0.0,4.5,4.0,,
A,20,BLNK,US,2018-06-04,351,0.21130982530612002,12.0,7.0,0.0,4.5,4.0,,
A,21,ORCL,US,2019-07-16,636,0.016122083283622034,5.0,4.0,0.0,2.0,1.0,,
A,22,FANG,US,2021-04-12,1074,0.05070296938556407,26.0,4.0,0.0,2.5,2.0,,
A,23,KR,US,2022-04-27,1338,0.024420953297515223,13.0,3.0,0.0,3.0,2.0,,
A,24,MKSI,US,2018-03-22,306,0.028273645034915328,9.0,3.0,0.0,2.0,1.0,,
A,25,RNG,US,2017-07-13,132,0.02986324958224318,13.0,4.0,0.0,3.5,3.0,,
A,26,GDDY,US,2018-03-01,291,0.03113325540312791,4.0,3.0,0.0,2.0,1.0,,
A,27,TULP,US,2021-12-30,1254,0.45908241218044915,15.0,3.0,0.0,2.5,2.0,,
A,28,HRI,US,2023-06-26,1629,0.040704329495797976,4.0,3.0,0.0,2.5,2.0,,
A,29,DAL,US,2020-06-23,873,0.07425921989530807,13.0,5.0,0.0,4.5,4.0,,
A,30,NVDA,US,2023-04-28,1590,0.027431512059417084,9.0,3.0,0.0,2.0,1.0,,
A,31,LPSN,US,2019-09-05,672,0.03459861700027058,7.0,3.0,0.0,2.0,1.0,,
A,32,PCVX,US,2023-05-15,735,0.05261972779337415,5.0,3.0,0.0,2.5,2.0,,
A,33,NET,US,2020-06-10,186,0.05367900386732748,18.0,3.0,0.0,2.5,2.0,,
A,34,RIVN,US,2022-07-14,168,0.07766127311804615,5.0,3.0,0.0,3.0,2.0,,
A,35,SPB,US,2021-09-30,1194,0.03573339533543146,17.0,6.0,0.0,3.0,2.0,,
A,36,CVX,US,2022-03-31,1320,0.02754859064019626,16.0,4.0,0.0,2.5,2.0,,
A,37,MARA,US,2020-11-16,975,0.11317618476243922,18.0,4.0,0.0,3.0,2.0,,
A,38,CRWD,US,2021-08-06,543,0.03677583330718146,11.0,3.0,0.0,2.0,1.0,,
A,39,DASH,US,2022-04-14,339,0.07794967773725031,9.0,5.0,0.0,4.5,4.0,,
A,40,PGEN,US,2018-01-25,267,0.082395442838676,8.0,3.0,0.0,2.5,2.0,,
A,41,UCTT,US,2021-03-24,1062,0.07570436028544063,7.0,5.0,0.0,3.0,2.0,,
A,42,CNQ,US,2022-01-31,1278,0.03262476829358699,10.0,4.0,0.0,3.0,2.0,,
A,43,BAND,US,2019-06-14,399,0.043094845274050754,18.0,3.0,0.0,2.0,1.0,,
A,44,SONO,US,2021-04-27,687,0.04315688133058425,10.0,3.0,0.0,3.5,3.0,,
A,45,AMZN,US,2018-04-23,327,0.03290452245228696,29.0,4.0,0.0,1.5,1.0,,
A,46,APPN,US,2021-02-18,939,0.10861990005226577,16.0,7.0,0.0,4.5,4.0,,
A,47,HSY,US,2019-10-01,690,0.017722649090945498,19.0,7.0,0.0,3.0,2.0,,
A,48,ATKR,US,2021-04-15,1077,0.043857934721587236,25.0,7.0,0.0,3.0,2.0,,
A,49,LEA,US,2019-12-31,753,0.025689093577520073,7.0,5.0,0.0,2.5,2.0,,
A,50,ATI,US,2022-04-05,1323,0.04147817531743364,10.0,5.0,0.0,4.5,4.0,,
A,51,MARA,US,2020-08-18,912,0.24597184415326465,9.0,6.0,0.0,4.5,4.0,,
A,52,BAND,US,2020-05-22,636,0.06134983249338914,6.0,4.0,0.0,3.0,2.0,,
A,53,BTI,US,2019-04-02,564,0.015234988609546151,11.0,4.0,0.0,3.5,3.0,,
A,54,EFOR,US,2020-06-23,873,0.042495986127689886,12.0,6.0,0.0,4.0,3.0,,
A,55,FSLR,US,2022-08-23,1419,0.04921674259614348,7.0,3.0,0.0,2.5,2.0,,
A,56,OXY,US,2020-06-18,870,0.08591931984693063,9.0,3.0,0.0,3.0,2.0,,
A,57,ABBV,US,2018-02-15,282,0.04334127678518679,15.0,4.0,0.0,2.5,2.0,,
A,58,APT,US,2020-07-10,885,0.12389091632762388,12.0,7.0,0.0,3.5,3.0,,
A,59,SNAP,US,2019-08-02,609,0.0432815907492732,6.0,4.0,0.0,2.0,1.0,,
A,60,CGNX,US,2018-08-13,405,0.029990290963358167,10.0,6.0,0.0,4.0,3.0,,
A,61,HSY,US,2022-05-10,1347,0.0218489692924168,14.0,5.0,0.0,4.0,3.0,,
A,62,LCID,US,2021-06-21,189,0.06745958145956012,10.0,5.0,0.0,4.5,4.0,,
A,63,BTI,US,2022-05-10,1347,0.015149369968217818,14.0,3.0,0.0,3.0,2.0,,
A,64,PACB,US,2022-11-30,1488,0.09777310665842608,11.0,7.0,0.0,4.5,4.0,,
A,65,APT,US,2021-08-13,1161,0.1459354526478199,11.0,7.0,0.0,4.5,4.0,,
A,66,BLDR,US,2023-06-12,1620,0.03044220440597136,5.0,4.0,0.0,2.0,1.0,,
A,67,AR,US,2020-05-22,852,0.13858959988322544,14.0,5.0,0.0,4.5,4.0,,
A,68,LOVE,US,2021-05-25,732,0.05923339405948156,19.0,7.0,0.0,4.5,4.0,,
A,69,SLQT,US,2021-04-30,237,0.043601537950485936,14.0,5.0,0.0,4.0,3.0,,
A,70,SNX,US,2019-10-09,696,0.02907439098354172,7.0,3.0,0.0,2.0,1.0,,
A,71,BMRN,US,2022-12-21,1503,0.026986044610402615,5.0,3.0,0.0,2.0,1.0,,
A,72,AGO,US,2022-03-07,1302,0.031203319865265044,7.0,4.0,0.0,1.5,1.0,,
A,73,COLD,US,2022-11-29,1224,0.028168969833936332,13.0,6.0,0.0,4.5,4.0,,
A,74,FEED,US,2021-08-11,774,0.3479019940592433,13.0,7.0,0.0,4.5,4.0,,
A,75,SPCE,US,2020-05-21,663,0.08938712956899658,10.0,3.0,0.0,3.0,2.0,,
A,76,AMD,US,2023-02-09,1536,0.04472775308504651,6.0,4.0,0.0,2.0,1.0,,
A,77,RARE,US,2018-08-21,411,0.04290326950851749,26.0,7.0,0.0,3.5,3.0,,
A,78,CRM,US,2019-02-27,540,0.021793646255218246,10.0,4.0,0.0,2.5,2.0,,
A,79,LIVN,US,2017-07-31,144,0.020828254250910495,14.0,7.0,0.0,2.5,2.0,,
A,80,ABBV,US,2017-11-17,222,0.026303041254240368,21.0,7.0,0.0,3.0,2.0,,
A,81,CAKE,US,2021-04-01,1068,0.05252130165140523,14.0,5.0,0.0,5.0,4.0,,
A,82,DXC,US,2017-09-01,168,0.01752864868165004,13.0,7.0,0.0,4.5,4.0,,
A,83,SLAB,US,2019-06-06,609,0.02902628620896137,31.0,3.0,0.0,2.0,1.0,,
A,84,GRWG,US,2021-01-19,741,0.0819919639256061,6.0,3.0,0.0,2.0,1.0,,
A,85,MELI,US,2017-07-21,138,0.029072088220351157,40.0,5.0,0.0,3.0,2.0,,
A,86,BLNK,US,2020-12-10,987,0.1927863402606397,13.0,6.0,0.0,4.5,4.0,,
A,87,CVI,US,2022-07-12,1389,0.07444789612737054,24.0,4.0,0.0,2.0,1.0,,
A,88,LPSN,US,2020-06-02,858,0.06805457649288035,11.0,5.0,0.0,4.0,3.0,,
A,89,CMG,US,2018-09-07,423,0.02400908643805092,16.0,5.0,0.0,3.5,3.0,,
A,90,META,US,2023-05-11,1599,0.02256660302220509,8.0,4.0,0.0,2.0,1.0,,
A,91,PHM,US,2018-12-31,501,0.03850664085402179,21.0,3.0,0.0,0.5,0.0,,
A,92,SWBI,US,2020-07-20,891,0.062087441857584545,11.0,4.0,0.0,3.5,3.0,,
A,93,MKTX,US,2023-03-29,1569,0.03084499258458543,9.0,6.0,0.0,3.5,3.0,,
A,94,SONO,US,2021-03-31,669,0.06045615014279963,13.0,5.0,0.0,4.5,4.0,,
A,95,WMS,US,2022-09-06,1428,0.031029161043668107,15.0,3.0,0.0,2.5,2.0,,
A,96,NERV,US,2022-09-19,1437,0.27898794598651017,13.0,7.0,0.0,4.5,4.0,,
A,97,LIVN,US,2018-06-26,372,0.027438967310615424,7.0,3.0,0.0,2.5,2.0,,
A,98,PCVX,US,2022-12-12,630,0.046481836568136536,11.0,3.0,0.0,2.5,2.0,,
A,99,UPST,US,2022-03-10,309,0.14193080405735697,8.0,3.0,0.0,3.0,2.0,,
A,100,ALGT,US,2020-06-23,873,0.08572758838093616,13.0,5.0,0.0,4.5,4.0,,
A,101,STAA,US,2021-06-07,1113,0.06917838358817117,6.0,5.0,0.0,3.5,3.0,,
A,102,SNAP,US,2019-04-16,534,0.039750054922668754,7.0,3.0,0.0,2.5,2.0,,
A,103,DAN,US,2019-10-01,690,0.042489740525021746,13.0,6.0,0.0,4.5,4.0,,
A,104,DD,US,2022-12-08,1494,0.023919390160059905,18.0,6.0,0.0,3.5,3.0,,
A,105,VMI,US,2022-08-26,1422,0.01917282162204955,9.0,4.0,0.0,2.5,2.0,,
A,106,XOM,US,2022-03-18,1311,0.03652320144794271,9.0,4.0,0.0,2.5,2.0,,
A,107,DJT,US,2022-03-28,123,0.0873566020239914,19.0,7.0,0.0,3.5,3.0,,
A,108,TSLA,US,2020-04-09,822,0.10418395522494536,37.0,4.0,0.0,2.0,1.0,,
A,109,YEXT,US,2019-04-03,495,0.04403999439318458,13.0,5.0,0.0,4.0,3.0,,
A,110,MSGS,US,2022-12-16,1500,0.019032127161490553,11.0,3.0,0.0,3.0,2.0,,
A,111,APPS,US,2021-10-29,1215,0.04844065388977592,7.0,3.0,0.0,2.5,2.0,,
A,112,IT,US,2022-12-27,1506,0.01959392894426464,10.0,3.0,0.0,2.0,1.0,,
A,113,FSLR,US,2022-09-30,1446,0.046690871397290855,8.0,4.0,0.0,1.5,1.0,,
A,114,WKHS,US,2020-09-30,942,0.13079380330860976,8.0,3.0,0.0,3.5,3.0,,
A,115,IT,US,2022-12-30,1509,0.018482819668571994,13.0,5.0,0.0,3.5,3.0,,
A,116,RARE,US,2018-07-13,384,0.04700510586972534,17.0,5.0,0.0,4.0,3.0,,
A,117,HYLN,US,2020-09-16,144,0.14977601015139783,10.0,5.0,0.0,3.5,3.0,,
A,118,META,US,2017-08-16,156,0.015282025058716698,15.0,3.0,0.0,3.0,2.0,,
A,119,DKS,US,2022-12-21,1503,0.03746105946048285,7.0,4.0,0.0,2.5,2.0,,
C,0,MEGA,IDX,2021-06-14,696,0.023642676549602115,44.0,3.0,0.022727272727272728,1.875,1.0,idx_locked,
C,1,ADHI,IDX,2021-04-19,1023,0.06189165965305864,44.0,4.0,0.0,2.5,2.0,idx_clean,
C,2,JSMR,IDX,2017-06-13,105,0.023797050927353725,8.0,3.0,0.0,2.5,2.0,idx_clean,
C,3,MAPI,IDX,2023-09-20,1617,0.03160135947717452,27.0,5.0,0.0,2.5,2.0,idx_clean,
C,4,PTBA,IDX,2018-09-10,393,0.04121364072010612,20.0,3.0,0.0,1.25,0.0,idx_clean,
C,5,PANI,IDX,2021-03-12,588,0.07959723727894902,13.0,3.0,0.15384615384615385,3.125,2.0,idx_locked,
C,6,SNAP,US,2019-08-02,609,0.0432815907492732,6.0,4.0,0.0,2.0,1.0,repeat,
C,7,ARTO,IDX,2023-02-17,1308,0.06204369721529759,11.0,3.0,0.09090909090909091,2.5,2.0,idx_locked,
C,8,BBCA,IDX,2020-04-21,789,0.06026325605464563,10.0,7.0,0.0,5.0,4.0,idx_clean,
C,9,JPFA,IDX,2019-12-16,705,0.0334603831878712,36.0,3.0,0.0,1.875,1.0,idx_clean,
C,10,BJTM,IDX,2020-05-18,807,0.03514829272852834,16.0,4.0,0.0625,1.25,0.0,idx_locked,
C,11,DEWA,IDX,2017-06-12,105,0.06963272210996962,43.0,7.0,0.023255813953488372,3.75,3.0,idx_locked,
C,12,BRMS,IDX,2017-12-28,234,0.06483362508240723,21.0,4.0,0.0,1.875,1.0,idx_clean,
C,13,BBRI,IDX,2020-06-24,831,0.057010950090258514,13.0,7.0,0.0,5.0,4.0,idx_clean,
C,14,ERAA,IDX,2020-06-25,831,0.05118866751174842,13.0,6.0,0.0,5.0,4.0,idx_clean,
C,15,BUMI,IDX,2017-10-19,189,0.09025572790624173,12.0,4.0,0.0,1.25,0.0,idx_clean,
C,16,BTPS,IDX,2019-08-26,306,0.039754493488702615,32.0,4.0,0.0,1.875,1.0,idx_clean,
C,17,BBHI,IDX,2021-02-09,972,0.14291735167142097,16.0,3.0,0.0625,2.5,2.0,idx_locked,
C,18,MYOR,IDX,2020-08-24,867,0.025692459977329475,14.0,6.0,0.0,3.75,3.0,idx_clean,
C,19,PANI,IDX,2020-03-03,354,0.10466816551869018,7.0,5.0,0.14285714285714285,2.5,2.0,idx_locked,
C,20,BAND,US,2020-05-22,636,0.06134983249338914,6.0,4.0,0.0,3.0,2.0,repeat,
C,21,RAJA,IDX,2024-10-24,1878,0.08402510326124454,13.0,5.0,0.0,3.125,2.0,idx_clean,
C,22,BJBR,IDX,2017-08-29,153,0.0665264973015831,13.0,7.0,0.0,5.0,4.0,idx_clean,
C,23,AKRA,IDX,2021-04-01,1017,0.0362279127779576,17.0,3.0,0.0,1.875,1.0,idx_clean,
C,24,BRPT,IDX,2024-01-04,1689,0.10633394515258573,17.0,7.0,0.0,3.75,3.0,idx_clean,
C,25,GOTO,IDX,2023-02-28,219,0.05284388795027282,18.0,5.0,0.05555555555555555,3.75,3.0,idx_locked,
C,26,ESSA,IDX,2023-09-25,1566,0.05602066782577073,4.0,3.0,0.0,1.875,1.0,idx_clean,
C,27,SMDR,IDX,2021-12-27,1197,0.06200636420572553,9.0,3.0,0.0,3.75,3.0,idx_clean,
C,28,UNVR,IDX,2024-08-08,1824,0.027940510912540805,38.0,3.0,0.0,1.25,0.0,idx_clean,
C,29,GOTO,IDX,2023-06-16,285,0.06356056471333908,11.0,4.0,0.09090909090909091,3.125,2.0,idx_locked,
C,30,PTBA,IDX,2020-08-07,858,0.03092740342176161,35.0,3.0,0.02857142857142857,1.25,0.0,idx_locked,
C,31,ANTM,IDX,2020-06-25,840,0.0541395116459009,13.0,6.0,0.0,5.0,4.0,idx_clean,
C,32,GGRM,IDX,2018-11-15,441,0.03356641594716644,8.0,3.0,0.0,1.25,0.0,idx_clean,
C,33,TMAS,IDX,2024-05-13,1695,0.040343786565077346,23.0,4.0,0.0,1.875,1.0,idx_clean,
C,34,RARE,US,2018-08-21,411,0.04290326950851749,26.0,7.0,0.0,3.5,3.0,repeat,
C,35,HEAL,IDX,2023-01-26,1143,0.04266206631301881,13.0,4.0,0.0,2.5,2.0,idx_clean,
C,36,TKIM,IDX,2024-01-11,1692,0.031332285188545805,40.0,3.0,0.0,2.5,2.0,idx_clean,
C,37,MEGA,IDX,2020-02-24,432,0.06472850700656582,15.0,3.0,0.06666666666666667,2.5,2.0,idx_locked,
C,38,DEWA,IDX,2017-06-02,99,0.08346859909440095,37.0,7.0,0.0,3.75,3.0,idx_clean,
C,39,NVDA,US,2023-04-28,1590,0.027431512059417084,9.0,3.0,0.0,2.0,1.0,repeat,
C,40,TINS,IDX,2020-05-06,798,0.04895431898924256,20.0,7.0,0.0,3.75,3.0,idx_clean,
C,41,EXCL,IDX,2019-03-05,513,0.05589653875440968,9.0,5.0,0.0,5.0,4.0,idx_clean,
C,42,BJBR,IDX,2021-02-10,984,0.06318470712889615,20.0,7.0,0.0,3.125,2.0,idx_clean,
C,43,MAPI,IDX,2018-09-18,399,0.04075758374372242,33.0,4.0,0.0,1.25,0.0,idx_clean,
C,44,BTPS,IDX,2022-11-25,1104,0.03712988701370966,14.0,7.0,0.0,3.75,3.0,idx_clean,
C,45,PTPP,IDX,2020-06-22,828,0.06955666670177876,10.0,5.0,0.0,4.375,3.0,idx_clean,
C,46,SRTG,IDX,2022-05-27,1251,0.04967719734992199,26.0,3.0,0.0,1.25,0.0,idx_clean,
C,47,CRM,US,2019-02-27,540,0.021793646255218246,10.0,4.0,0.0,2.5,2.0,repeat,
C,48,ENRG,IDX,2021-11-03,1140,0.039910606564921305,26.0,3.0,0.0,1.25,0.0,idx_clean,
C,49,BRPT,IDX,2019-09-26,648,0.052642073803520165,12.0,4.0,0.0,3.75,3.0,idx_clean,
C,50,COR,US,2022-12-16,1500,0.015929146427760034,11.0,3.0,0.0,3.0,2.0,repeat,
C,51,TPIA,IDX,2018-02-20,270,0.053269026207542335,7.0,5.0,0.0,5.0,4.0,idx_clean,
C,52,TPIA,IDX,2021-03-09,999,0.03305811758322297,16.0,3.0,0.0,1.875,1.0,idx_clean,
C,53,ADRO,IDX,2020-06-18,825,0.05803384564441457,8.0,5.0,0.0,5.0,4.0,idx_clean,
C,54,NISP,IDX,2018-09-13,306,0.027962796152544066,31.0,3.0,0.12903225806451613,1.875,1.0,idx_locked,
C,55,ADRO,IDX,2017-10-04,177,0.04047162740951914,28.0,3.0,0.0,1.25,0.0,idx_clean,
C,56,JSMR,IDX,2019-01-29,489,0.0301600478867619,9.0,3.0,0.0,2.5,2.0,idx_clean,
C,57,AKRA,IDX,2022-06-08,1302,0.047420739317509154,5.0,4.0,0.0,1.875,1.0,idx_clean,
D,0,WEYS,US,2020-07-07,882,0.049603599237401506,,,,,,reject:no_cluster,no_cluster
D,1,DJT,US,2022-12-05,297,0.12710792590914294,20.0,7.0,0.0,4.0,3.0,detection,
D,2,AIV,US,2021-01-05,1008,0.056242956264324684,,,,,,reject:line_not_drawable,line_not_drawable
D,3,MKSI,US,2018-03-22,306,0.028273645034915328,9.0,3.0,0.0,2.0,1.0,repeat,
D,4,EHC,US,2018-09-12,426,0.014420564283568249,15.0,3.0,0.0,3.0,2.0,repeat,
D,5,CTO,US,2020-10-27,960,0.03639048534124724,,,,,,reject:no_cluster,no_cluster
D,6,AGO,US,2022-03-07,1302,0.031203319865265044,7.0,4.0,0.0,1.5,1.0,repeat,
D,7,VHC,US,2020-09-30,942,0.0699676966796491,,,,,,reject:line_not_drawable,line_not_drawable
D,8,AIV,US,2021-07-01,1131,0.027602925277834745,,,,,,reject:no_cluster,no_cluster
D,9,ATNM,US,2021-01-19,1017,0.059309079788587224,,,,,,reject:line_not_drawable,line_not_drawable
D,10,SLDB,US,2022-10-27,1197,0.09546236915869892,,,,,,reject:no_cluster,no_cluster
D,11,CC,US,2019-12-26,750,0.05391366123850222,36.0,5.0,0.0,4.0,3.0,detection,
D,12,RDIB,US,2021-07-26,309,0.04855025499894955,,,,,,reject:no_cluster,no_cluster
D,13,WKHS,US,2020-10-05,945,0.12027144138055376,11.0,4.0,0.0,3.0,2.0,detection,
D,14,NNOX,US,2023-05-24,693,0.16226829527981404,9.0,5.0,0.0,3.5,3.0,detection,
D,15,RIOT,US,2019-06-27,624,0.10565078123088471,,,,,,reject:no_cluster,no_cluster
D,16,DCH,US,2017-10-11,195,0.026552053388600883,10.0,7.0,0.0,2.5,2.0,detection,
D,17,BV,US,2021-06-22,750,0.024864767274064014,,,,,,reject:no_cluster,no_cluster
D,18,ZS,US,2020-06-17,567,0.06253907017809496,13.0,4.0,0.0,2.5,2.0,detection,
D,19,BKTI,US,2023-04-20,1578,0.06620585915488653,,,,,,reject:no_cluster,no_cluster
D,20,UPST,US,2021-06-15,123,0.1448162384674164,8.0,3.0,0.0,3.5,3.0,detection,
D,21,AFRM,US,2023-06-29,618,0.07968196190843281,14.0,7.0,0.0,4.5,4.0,detection,
D,22,AMT,US,2017-08-03,147,0.016382189618405773,6.0,3.0,0.0,1.5,1.0,detection,
D,23,CLMT,US,2017-09-20,180,0.05688900126282422,,,,,,reject:line_not_drawable,line_not_drawable
D,24,MSGS,US,2019-05-02,585,0.015237367530703084,,,,,,reject:no_cluster,no_cluster
D,25,WMS,US,2022-08-26,1422,0.03597031218203135,9.0,5.0,0.0,4.5,4.0,detection,
D,26,TULP,US,2021-12-30,1254,0.45908241218044915,15.0,3.0,0.0,2.5,2.0,repeat,
D,27,MARA,US,2023-06-15,1623,0.09018493771976278,,,,,,reject:line_not_drawable,line_not_drawable
D,28,KOD,US,2021-09-01,732,0.05304730286171768,4.0,3.0,0.0,2.5,2.0,detection,
D,29,DAN,US,2017-12-22,246,0.01943074770614245,17.0,4.0,0.0,2.5,2.0,detection,
D,30,MCD,US,2019-01-04,504,0.021098663054832434,24.0,5.0,0.0,3.0,2.0,detection,
D,31,PLNT,US,2018-03-22,306,0.02619794543029229,,,,,,reject:line_not_drawable,line_not_drawable
D,32,PGEN,US,2018-04-26,330,0.053648255726225766,10.0,5.0,0.0,4.5,4.0,detection,
D,33,TJX,US,2022-12-08,1494,0.022935100563800725,10.0,3.0,0.0,2.0,1.0,detection,
D,34,BELFB,US,2019-09-18,681,0.095918984683949,,,,,,reject:line_not_drawable,line_not_drawable
D,35,GGT,US,2020-07-23,894,0.0235828859778911,,,,,,reject:line_not_drawable,line_not_drawable
D,36,RARE,US,2019-03-12,549,0.05323789433431151,7.0,3.0,0.0,2.5,2.0,detection,
D,37,FEED,US,2021-09-07,792,0.16647455274810877,15.0,4.0,0.0,3.0,2.0,detection,
D,38,HAL,US,2020-06-23,873,0.060683371487071446,12.0,5.0,0.0,4.5,4.0,detection,
D,39,CRWD,US,2022-08-19,804,0.039173647910166566,7.0,3.0,0.0,3.0,2.0,repeat,
D,40,SID,US,2018-08-21,411,0.04508406358867813,,,,,,reject:line_not_drawable,line_not_drawable
D,41,HQY,US,2019-04-10,570,0.03730829941220554,17.0,4.0,0.0,2.0,1.0,detection,
D,42,CAKE,US,2021-04-01,1068,0.05252130165140523,14.0,5.0,0.0,5.0,4.0,repeat,
D,43,VBF,US,2020-06-15,867,0.01378143906531688,,,,,,reject:no_cluster,no_cluster
D,44,ZVRA,US,2017-06-26,120,0.060743351691739535,,,,,,reject:line_not_drawable,line_not_drawable
D,45,EBS,US,2018-03-27,309,0.02671439518073495,5.0,4.0,0.0,2.0,1.0,detection,
